{"cameraMode":{"drawMode":0,"name":"Shaded","section":"Shading Mode"},"sceneLighting":true,"audioPlay":false,"sceneViewState":{"m_AlwaysRefresh":false,"showFog":true,"showSkybox":true,"showFlares":true,"showImageEffects":true,"showParticleSystems":true,"showVisualEffectGraphs":true,"m_FxEnabled":true},"in2DMode":false,"pivot":{"x":-62.81390380859375,"y":-106.16886138916016,"z":133.28903198242188},"rotation":{"x":-0.2887493073940277,"y":0.24405112862586976,"z":-0.07637997716665268,"w":-0.9226210117340088},"size":103.94692993164063,"orthographic":false}